{
  "collectors": [
      {
        "name": "National Museum",
        "city" : "Delhi",
        "latitude": 28.6117993,
        "longitude": 77.2194934
      },
      {
        "name": "National Science Centre,",
        "city": "Delhi",
        "latitude": 28.6132098,
        "longitude": 77.245437
      },
      {
        "name": "The Sardar Patel Museum",
        "city": "Gujrat",
        "latitude": 21.1699005,
        "longitude": 72.7955734
      },
      {
        "name": "Library of Tibetan Works and Archives",
        "city": "Himachal",
        "latitude": 32.2263696,
        "longitude": 76.325326

      },
      {
        "name": "Chhatrapati Shivaji Maharaj Vastu Sangrahalaya",
        "city": "Maharashtra",
        "latitude": 18.926873,
        "longitude": 72.8326132
      },
      {
        "name": "Namgyal Institute of Tibetology",
        "city": "Sikkim",
        "latitude": 27.315948,
        "longitude": 88.6047829

      }
      ]
}